Name,Formato,Stato,Data di pubblicazione,Tipologia contenuto,Data di registrazione
LYNUP: Raccontiamo la nostra storia,Reel,✅ Pubblicato,27/05/2025,,
NEOGELA: Il vostro collagene va bene anche per la pelle?,Reel,✅ Pubblicato,02/09/2025,EduCollagene,
NEOGELA: Per quanto tempo prendere il collagene?,Reel,✅ Pubblicato,18/07/2025,EduCollagene,
"NEOGELA: Rigidità articolare: quali potrebbero essere le cause ",Reel,Spostato in Notion MUVI Lab,,Informativo,
NEOGELA: Esercizi indicati in caso di osteoporosi,Reel,✅ Pubblicato,30/09/2025,Consigli,
NEOGELA: Avete un collagene marino?,Reel,✅ Pubblicato,08/08/2025,EduCollagene,
"NEOGELA: Diagnosi di osteoporosi: 3 passi da fare subito ",Reel,✅ Pubblicato,19/08/2025,Consigli,
"NEOGELA: Osteoporosi: terapia farmacologica o trattamento naturale? ",Reel,🗓️ Programmato,04/07/2025,Informativo,
NEOGELA: Bifosfonati e interventi di odontoiatria,Reel,Spostato in Notion MUVI Lab,,Informativo,
NEOGELA: In quanto tempo guarisce una frattura?,Reel,✅ Pubblicato,01/08/2025,Domande dal blog,
"NEOGELA:  ""Cosa succede nel tuo corpo quando assumi il collagene”",Reel,💻 Da montare,,,03/07/2026
"NEOGELA: ""Fratture da fragilità: cosa sono e perché aumentano con l'età”<<",Reel,💻 Da montare,,,03/07/2026
"NEOGELA: ""Dolore muscolare o dolore articolare? Come riconoscere la differenza”",Reel,💻 Da montare,,,03/07/2026
"NEOGELA:  ""Quanti anni hanno le tue ossa?” - video lancio quiz lead generation",Reel,💻 Da montare,,,03/07/2026
"NEOGELA: ""Settembre preview: come riprendere la routine di collagene dopo l'estate”",Reel,💻 Da montare,,,03/07/2026
"NEOGELA: ""Perché con l'età aumenta il bisogno di collagene”",Reel,💻 Da montare,,,03/07/2026
"NEOGELA: ""Collagene e bevande fredde: si può sciogliere anche d'estate?”",Reel,💻 Da montare,,,03/07/2026
"NEOGELA: ""Perché vitamina C e collagene vanno bene insieme”",Reel,💻 Da montare,,,03/07/2026
"NEOGELA:  ""3 segnali che il tuo corpo ti manda quando ha bisogno di collagene”",Reel,🎥 Da registrare,,,03/07/2026
"NEOGELA:  ""3 domande da fare al medico per la salute ossea dei genitori”",Reel,💻 Da montare,,,03/07/2026
"NEOGELA:  ""Collagene tipo I vs tipo II: qual è giusto per le tue articolazioni?”",Reel,💻 Da montare,,,03/07/2026
NEOGELA: Promo estate,Reel,💻 Da montare,,,
"NEOGELA: Non sempre puoi fidarti delle persone, ma puoi fidarti del team Neogela (v.reference)",Reel,🎥 Da registrare,,Trend,
"NEOGELA: unboxing ASMR packaging ",Reel,Spostato in Notion MUVI Lab,,ADS,27/10/2025
NEOGELA: il magazzino si riempie,Reel,Spostato in Notion MUVI Lab,,Trend,27/10/2025
NEOGELA: Pov: integratore che fa ringiovanire le tue ossa con audio trend (v. reference),Reel,Spostato in Notion MUVI Lab,,Trend,27/10/2025
NEOGELA: Quanti grammi di Neogela posso prendere al giorno?,Reel,Spostato in Notion MUVI Lab,,Informativo,27/10/2025
NEOGELA: Quando è meglio assumere il collagene?,Reel,Spostato in Notion MUVI Lab,,Informativo,27/10/2025
NEOGELA: Come si conserva Neogela e quanto dura?,Reel,Spostato in Notion MUVI Lab,,Informativo,27/10/2025
NEOGELA: perché prendi il collagene se sei così giovane?,Reel,Spostato in Notion MUVI Lab,,Falso mito,27/10/2025
NEOGELA: chissà quanti allergeni ci sono nei vostri integratori,Reel,Spostato in Notion MUVI Lab,,Falso mito,27/10/2025
NEOGELA: Pack ossa sane,Reel,Spostato in Notion MUVI Lab,,Vendita,29/01/2026
NEOGELA: un giorno in Neogela (dietro le quinte),Reel,Spostato in Notion MUVI Lab,,Aziendale,29/01/2026
NEOGELA: perché abbiamo scelto il collagene idrolizzato,Reel,🎥 Da registrare,,Aziendale,
NEOGELA: Preparazione di un pacco,Reel,🎥 Da registrare,,Trend,15/05/2026
NEOGELA: Spieghiamo il collagene e i suoi benefici,Video YouTube,💻 Da montare,,EduCollagene,
NEOGELA: Studi clinici sul collagene + invito a vedere i casi raccolti,Video YouTube,💻 Da montare,,EduCollagene,
NEOGELA: maternità - il calcio “scappa” durante l’allattamento?,Reel,Spostato in Notion MUVI Lab,,Informativo,29/01/2026
NEOGELA: Osteoporosi gravidica,Reel,Spostato in Notion MUVI Lab,,Informativo,29/01/2026
NEOGELA: Video promo San Valentino,Reel,Spostato in Notion MUVI Lab,,ADS,29/01/2026
NEOGELA:  tutto il team assume neogela,Reel,Spostato in Notion MUVI Lab,,,
NEOGELA: Video auguri Buon Anno,Reel,Spostato in Notion MUVI Lab,,Aziendale,05/12/2025
NEOGELA: Video auguri di Natale Team,Reel,Spostato in Notion MUVI Lab,,Aziendale,05/12/2025
NEOGELA: Esercizi quotidiani per chi lavora seduto tutto il giorno (in collab),Reel,Spostato in Notion MUVI Lab,,Consigli,25/11/2025
NEOGELA: Come riprendere l’attività fisica dopo una frattura da osteoporosi (in collab),Reel,Spostato in Notion MUVI Lab,,Consigli,25/11/2025
NEOGELA: video promo Natalizia,Reel,Spostato in Notion MUVI Lab,,Vendita,05/12/2025
NEOGELA: Promo Black Friday busta con sconto,Reel,Spostato in Notion MUVI Lab,,Trend,17/11/2025
NEOGELA: Promo Black Friday parlato,Reel,Spostato in Notion MUVI Lab,,Trend,17/11/2025
LYNUP: batteria scarica,Reel,💻 Da montare,,Trend,17/11/2025
"LYNUP: come creiamo Lynup ",Reel,💻 Da montare,,Trend,17/11/2025
LYNUP: la carica per le mie ossa,Reel,💻 Da montare,,Trend,17/11/2025
"LYNUP: Il Natale con Lynup ",Reel,✅ Pubblicato,23/12/2025,Trend,17/11/2025
LYNUP: carosello gravidanza,Carosello,🗓️ Programmato,15/12/2025,Informativo,
LYNUP: foto 2 - promo Natale,Post,🗓️ Programmato,27/12/2025,Vendita,
LYNUP: foto 1 - promo Natale,Post,🗓️ Programmato,18/12/2025,Vendita,
LYNUP: foto anteprima packaging natalizio che annuncia l’arrivo di una promo,Post,✅ Pubblicato,11/12/2025,Vendita,
LYNUP: inizio promo Natale,Reel,✅ Pubblicato,12/12/2025,Trend,17/11/2025
"NEOGELA: ",Reel,,,,
NEOGELA: Postura e carico quotidiano: gli errori che stressano ossa e articolazioni”,Reel,Spostato in Notion MUVI Lab,,Informativo,15/05/2026
"NEOGELA: Pavimento pelvico, equilibrio e rischio cadute: il legame che pochi conoscono",Reel,💡 Idea,,,15/05/2026
NEOGELA: “Sport e ossa: cosa è sicuro fare (e cosa no),Reel,Spostato in Notion MUVI Lab,,Consigli,15/05/2026
NEOGELA: Lesione al menisco (in collab con Personal Trainer),Reel,Spostato in Notion MUVI Lab,,Informativo,25/11/2025
NEOGELA: Lesione al crociato (in collab con Personal Trainer),Reel,Spostato in Notion MUVI Lab,,Informativo,25/11/2025
NEOGELA: Fratture da stress e recupero (in collab con Personal Trainer),Reel,Spostato in Notion MUVI Lab,,,09/03/2026
NEOGELA: Postura e Osteoporosi (in collab con Personal Trainer),Reel,Spostato in Notion MUVI Lab,,Consigli,25/11/2025
NEOGELA: Crolli vertebrali (in collab con Personal Trainer),Reel,Spostato in Notion MUVI Lab,,Informativo,25/11/2025
NEOGELA: Condrosi (in collab con Personal Trainer),Reel,Spostato in Notion MUVI Lab,,,09/03/2026
NEOGELA: Sarcopenia attività fisica (in collab con Personal Trainer),Reel,Spostato in Notion MUVI Lab,,Consigli,09/03/2026
NEOGELA: Sarcopenia aspetto clinico (in collab con Personal Trainer),Reel,Spostato in Notion MUVI Lab,,Informativo,09/03/2026
NEOGELA: Dolori articolari (con Personal Trainer),Reel,✅ Pubblicato,08/07/2025,Consigli,
NEOGELA: Recupero funzionale (con Personal Trainer),Reel,✅ Pubblicato,09/09/2025,Informativo,
NEOGELA: Recupero post infortunio (con Personal Trainer),Reel,✅ Pubblicato,12/08/2025,Informativo,
NEOGELA: Trial,Reel,✅ Pubblicato,,,09/03/2026
NEOGELA: TPallavvolo,Reel,,,,
PODCAST,,,,,
"NEOGELA: Trasparenza, cosa significa per Zeta 92",Reel,✅ Pubblicato,17/06/2025,Aziendale,
NEOGELA: Consulenza gratuita,Reel,✅ Pubblicato,06/06/2025,Differenziazione,
NEOGELA: Curiosità sul collagene,Reel,✅ Pubblicato,24/06/2025,EduCollagene,
NEOGELA: Perché bisogna assumere un collagene idrolizzato?,Reel,✅ Pubblicato,10/06/2025,Informativo,
NEOGELA: qual è l’esame più attendibile per diagnosticare l’osteoporosi?,Reel,✅ Pubblicato,22/07/2025,Informativo,
NEOGELA: Campagna box,Reel,✅ Pubblicato,,ADS,
NEOGELA: All you need is,Reel,✅ Pubblicato,24/07/2025,Trend,
NEOGELA: È l’ora del collagene,Reel,Spostato in Notion MUVI Lab,,Trend,
NEOGELA: Neogela in cucina,Reel,✅ Pubblicato,13/06/2025,Trend,
NEOGELA: Magic arm con bustina,Reel,💡 Idea,,Trend,
LYNUP: Perché prendere un multivitaminico in gravidanza?,Reel,✅ Pubblicato,09/06/2025,Informativo,
LYNUP: Perché prendere un multivitaminico in menopausa?,Reel,✅ Pubblicato,29/05/2025,Informativo,
"LYNUP: Quali sono gli alimenti più ricchi di… ",Reel,✅ Pubblicato,30/06/2025,Informativo,
"LYNUP: Mal di schiena, dolore alle ginocchia…",Reel,✅ Pubblicato,19/06/2025,Informativo,
LYNUP: Quanti integratori!,Reel,✅ Pubblicato,12/06/2025,Differenziazione,
LYNUP: Giusto dosaggio giornaliero,Reel,✅ Pubblicato,05/06/2025,Consigli,
LYNUP: Quanti cicli fare all’anno,Reel,✅ Pubblicato,23/06/2025,Consigli,
"LYNUP: Sono in menopausa, cosa devo integrare?",Reel,✅ Pubblicato,24/07/2025,Domande dal blog,
"LYNUP: Sono in osteoporosi, cosa devo integrare? ",Reel,🗓️ Programmato,26/06/2025,Domande dal blog,
LYNUP: Vitamina D e calcio sono sufficienti per la salute ossea?,Reel,✅ Pubblicato,07/07/2025,Domande dal blog,
LYNUP: Che funzione hanno le vitamine e i minerali per le ossa,Reel,✅ Pubblicato,02/06/2025,Informativo,
LYNUP: Quali sono i minerali che compongono le ossa?,Reel,✅ Pubblicato,28/07/2025,Informativo,
LYNUP: Consigli muro,Reel,✅ Pubblicato,03/07/2025,Trend,
LYNUP: Capsule che cadono,Reel,✅ Pubblicato,16/06/2025,Trend,
NEOGELA: Motion lapse collagene,Reel,✅ Pubblicato,14/08/2025,Trend,
NEOGELA: cascata bustine,Reel,✅ Pubblicato,29/09/2025,Trend,
NEOGELA: box 3 prodotti,Reel,✅ Pubblicato,03/07/2025,Trend,
NEOGELA: scatola buste,Reel,✅ Pubblicato,25/08/2025,Trend,
"NEOGELA: POV bicchiere ",Reel,✅ Pubblicato,29/08/2025,Trend,
"NEOGELA: POV sono il tuo pacco Neogela ",Reel,Spostato in Notion MUVI Lab,,Trend,25/11/2025
NEOGELA: Post diretta con Farmacista,Post,✅ Pubblicato,26/06/2025,Diretta,
NEOGELA: Doc crolli vertebrali,Reel,🗓️ Programmato,20/06/2025,Informativo,
NEOGELA: Intervista cliente,Reel,✅ Pubblicato,27/06/2025,Intervista,
NEOGELA: Ti fanno male le mani?,Reel,✅ Pubblicato,01/07/2025,Consigli,
NEOGELA: Video riassunto fiera,Reel,✅ Pubblicato,03/06/2025,Differenziazione,
NEOGELA: Oggi diamo un voto al pranzo di ognuna di noi,Storia,💡 Idea,,,
NEOGELA: Video testimonianza di una cliente,Reel,💡 Idea,,,
NEOGELA: Presentazione progetto “Alla tua salute ci pensa Neogela”,Reel,✅ Pubblicato,16/09/2025,Differenziazione,
NEOGELA: Guida “Come inserire il collagene nella tua routine”,Reel,Spostato in Notion MUVI Lab,,Consigli,16/10/2025
NEOGELA: Va bene anche per la pelle?,Reel,🗓️ Programmato,24/11/2025,Domande dal blog,
NEOGELA: le persone amano Neogela,Reel,💡 Idea,,Trend,
NEOGELA: video intervista team,Reel,💡 Idea,,,
NEOGELA: tutto il team assume Neogela,Reel,✅ Pubblicato,,Trend,05/12/2025
NEOGELA: Il collagene fa ingrassare? Ecco cosa dicono le nostre clienti,Reel,💡 Idea,,,
"NEOGELA: consigli in caso di artrosi alle mani               ",Reel,💡 Idea,,Consigli,
NEOGELA: Come trattiamo i nostri clienti fedeli,Reel,💡 Idea,,,
NEOGELA: box domande,Storia,✅ Pubblicato,23/06/2025,,
NEOGELA: Sono in menopausa come integro il collagene nel corso dell’anno,Reel,Spostato in Notion MUVI Lab,,Informativo,25/11/2025
NEOGELA: il collagene va preso insieme alla vitamina C?,Reel,✅ Pubblicato,19/09/2025,EduCollagene,
NEOGELA: perché Neogela è costoso?,Reel,Spostato in Notion MUVI Lab,,Differenziazione,29/01/2026
NEOGELA: si può curare l’osteoporosi senza farmaci?,Reel,✅ Pubblicato,17/10/2025,Informativo,
NEOGELA: il collagene si deteriora con il caldo?,Reel,🗓️ Programmato,10/07/2025,Differenziazione,
"NEOGELA: Fratture ",Video YouTube,Spostato in Notion MUVI Lab,,Informativo,
NEOGELA: Osteoporosi gravidica,Video YouTube,✅ Pubblicato,03/09/2025,Informativo,
NEOGELA: Osteoporosi maschile,Video YouTube,✅ Pubblicato,05/08/2025,Informativo,
NEOGELA: Artrosi all’anca,Video YouTube,Spostato in Notion MUVI Lab,,Informativo,
NEOGELA: ricetta salutare con il collagene,Reel,💡 Idea,,,
"NEOGELA: Dolore alle ossa? Quali esami possono aiutarti ",Reel,Spostato in Notion MUVI Lab,,Informativo,
NEOGELA: Frattura spontanea? Serve una MOC!,Reel,💡 Idea,,,
NEOGELA: Dove si fa la MOC,Reel,💡 Idea,,,
NEOGELA: Chi prescrive la MOC,Reel,💡 Idea,,,
NEOGELA: Quali valori guardare nel referto della MOC,Reel,Spostato in Notion MUVI Lab,28/11/2025,Informativo,
NEOGELA: Densitometria ossea: l’esame che dovresti fare dopo una certa età,Reel,Spostato in Notion MUVI Lab,,Informativo,09/03/2026
"NEOGELA: Moc dexa, densitometria in farmacia, BesTest, Ecolight: quale scegliere",Reel,Spostato in Notion MUVI Lab,,Consigli,25/11/2025
NEOGELA: Hai fatto la MOC in un’altra struttura? Ecco perché devi farla sempre nello stesso posto,Reel,Spostato in Notion MUVI Lab,,Informativo,
NEOGELA: Perché non ho scoperto prima di avere l’osteoporosi?,Reel,Spostato in Notion MUVI Lab,,Domande dal blog,29/01/2026
NEOGELA: Primi sintomi dell’indebolimento osseo,Reel,✅ Pubblicato,22/08/2025,Informativo,
NEOGELA: Differenza tra osteopenia e osteoporosi,Reel,Spostato in Notion MUVI Lab,,Informativo,09/03/2026
"NEOGELA: Ho l’osteoporosi, sono ancora in tempo?",Reel,🗓️ Programmato,29/10/2025,Domande dal blog,15/09/2025
"NEOGELA: Prendo la vitamina D, come faccio ad avere l’osteoporosi?",Reel,Spostato in Notion MUVI Lab,,Informativo,
NEOGELA: Sei in cura per un tumore al seno? Fai attenzione a questa cosa,Reel,💡 Idea,,,
NEOGELA: Calcio alto nel sangue e osteoporosi,Reel,Spostato in Notion MUVI Lab,,Informativo,
NEOGELA: Di cosa sono fatte le ossa e perché si indeboliscono,Reel,Spostato in Notion MUVI Lab,,EduCollagene,25/11/2025
NEOGELA: Quante proteine al giorno mangiare in caso di osteoporosi,Reel,Spostato in Notion MUVI Lab,,Informativo,29/08/2025
NEOGELA: Come fa il collagene ad arrivare alle ossa?,Reel,✅ Pubblicato,03/10/2025,EduCollagene,
NEOGELA: Differenza tra collagene vegetale e animale,Reel,💡 Idea,,,09/03/2026
NEOGELA: Collagene vs glucosamina e condroitina,Reel,Spostato in Notion MUVI Lab,,Informativo,
NEOGELA: Carenza di collagene? Ecco come capirlo,Reel,Spostato in Notion MUVI Lab,,,09/03/2026
NEOGELA: Stai assumendo collagene ma non sai se sta funzionando? Ecco come capirlo,Reel,Spostato in Notion MUVI Lab,,Consigli,25/11/2025
NEOGELA: caso di una persona che è migliorata con il collagene,Reel,💡 Idea,,,
NEOGELA: Il collagene è davvero il rimedio miracoloso per tutti i mali?,Reel,Spostato in Notion MUVI Lab,,EduCollagene,29/08/2025
NEOGELA: Da dove viene la nostra materia prima,Reel,✅ Pubblicato,26/09/2025,Aziendale,
NEOGELA: Metalli pesanti e certificazioni,Reel,Spostato in Notion MUVI Lab,,,29/01/2026
NEOGELA: Ho letto la tabella nutrizionale ma non c’è scritto da nessuna parte collagene,Reel,✅ Pubblicato,12/09/2025,Domande dal blog,
NEOGELA: Come sapere se un collagene è sicuro,Reel,Spostato in Notion MUVI Lab,,Informativo,29/01/2026
NEOGELA: due collageni a confronto che sciolgono nell’acqua,Reel,💡 Idea,,,
NEOGELA: Perché offriamo consulenza gratuita,Reel,Spostato in Notion MUVI Lab,,Differenziazione,
NEOGELA: Come si svolgono le consulenza qui in azienda,Reel,Spostato in Notion MUVI Lab,,Differenziazione,05/12/2025
NEOGELA: 3 motivi per cui richiedere una consulenza prima di acquistare un prodotto,Reel,Spostato in Notion MUVI Lab,,Differenziazione,05/12/2025
NEOGELA: Recensione sul nostro servizio di consulenza,Reel,💡 Idea,,,
LYNUP: ricetta che comprenda i micronutrienti essenziali per le ossa,Reel,💻 Da montare,,Differenziazione,29/08/2025
LYNUP: una giornata tipo vissuta al top (con Lynup tutte le tue giornate possono essere così),Reel,💡 Idea,,Differenziazione,
LYNUP: confronto tra Lynup e altri multivitaminici (lista ingredienti una corta una lunghissima),Reel,🗓️ Programmato,10/07/2025,Differenziazione,
LYNUP: Vitamina D e Vitamina K2,Reel,💻 Da montare,,Informativo,
LYNUP: tutte le funzioni della vitamina C,Reel,🗓️ Programmato,30/10/2025,Informativo,
LYNUP: tutte le funzioni della vitamina K2,Reel,✅ Pubblicato,28/08/2025,Informativo,
LYNUP: tutte le funzioni del calcio,Reel,🗓️ Programmato,20/11/2025,Informativo,
LYNUP: tutte le funzioni del magnesio,Reel,✅ Pubblicato,31/07/2025,Informativo,
"LYNUP: tutte le funzioni del silicio ",Reel,✅ Pubblicato,25/09/2025,Informativo,
NEOGELA: I benefici del pilates (con Fisioterapista),Reel,✅ Pubblicato,23/09/2025,Informativo,
NEOGELA: 3 attività consigliate per alleviare il dolore da artrosi (con Fisioterapista),Reel,✅ Pubblicato,29/07/2025,Consigli,
NEOGELA: Perché fare rieducazione posturale può aiutare contro l’osteoporosi (con Fisioterapista),Reel,✅ Pubblicato,26/08/2025,Informativo,
NEOGELA: Come risolvere i miei problemi (PROMO),Reel,✅ Pubblicato,21/07/2025,Trend,
NEOGELA: Quanti errori farai oggi?,Reel,Spostato in Notion MUVI Lab,,Trend,
NEOGELA: Va bene,Reel,💡 Idea,,Trend,
NEOGELA: Quando ti rendi conto che…,Reel,💡 Idea,,Trend,
NEOGELA: Foglio strappato (per una PROMO),Reel,✅ Pubblicato,14/07/2025,Trend,
NEOGELA: Scatola lanciata,Reel,💡 Idea,,Trend,
NEOGELA: Scegli uno dei biglietti,Reel,Spostato in Notion MUVI Lab,,Trend,29/01/2026
LYNUP: gorilla che lancia acqua,Reel,🗓️ Programmato,22/12/2025,Trend,16/10/2025
NEOGELA: meet the team,Reel,✅ Pubblicato,05/09/2025,Trend,
LYNUP: moto che cade,Reel,💡 Idea,,Trend,
LYNUP: blow on your screen,Reel,✅ Pubblicato,23/07/2025,Trend,
NEOGELA: cofano macchina,Reel,💡 Idea,,Trend,
LYNUP: carillon (per PROMO),Reel,✅ Pubblicato,16/07/2025,Trend,
NEOGELA: Where is the team,Reel,💡 Idea,,Trend,
LYNUP: 3 cose che ti faranno innamorare di Lynup,Reel,🗓️ Programmato,04/08/2025,Differenziazione,
LYNUP: kit di salute per l’estate,Reel,✅ Pubblicato,21/07/2025,Differenziazione,
NEOGELA: 3 consigli di integrazione di collagene per la tua estate,Reel,✅ Pubblicato,25/07/2025,Consigli,
NEOGELA: giornata internazionale del bacio - qualcuno bacia Neogela,Storia,🏝️ Grafica da preparare,06/07/2025,,
"NEOGELA: carosello dosaggio collagene ",Carosello,🗓️ Programmato,11/07/2025,Differenziazione,
NEOGELA: PROMO,Storia,✅ Pubblicato,16/07/2025,,
NEOGELA: PROMO,Storia,✅ Pubblicato,15/07/2025,,
LYNUP: domani parte la promo estiva,Storia,✅ Pubblicato,15/07/2025,,
LYNUP: Scarica contenuto informativo / Fai questo quiz (per Lead Generation Pre Promo estiva),Reel,✅ Pubblicato,,ADS,
"LYNUP: vitamina D per salvare le ossa in menopausa, è sufficiente?",Reel,✅ Pubblicato,21/08/2025,Informativo,
LYNUP: se non vedi il numero,Reel,✅ Pubblicato,25/08/2025,Trend,
NEOGELA: Presentazione progetto “Alla tua salute ci pensa Neogela” - cerchiamo candidati,Reel,Spostato in Notion MUVI Lab,,ADS,
NEOGELA: Quanto conta la composizione aminoacidica,Reel,Spostato in Notion MUVI Lab,,Differenziazione,
LYNUP: sono scarica e poi prendo Lynup e il mondo diventa a colori,Reel,✅ Pubblicato,18/08/2025,Trend,
LYNUP: 3 abitudini per prevenire l’osteoporosi,Reel,✅ Pubblicato,18/09/2025,Consigli,
NEOGELA: bambino che piange e non riesce a spiegare,Reel,💡 Idea,,Trend,
"NEOGELA: recensione ",Storia,✅ Pubblicato,25/06/2025,,
NEOGELA: avviso diretta,Storia,✅ Pubblicato,03/07/2025,,
NEOGELA: avviso diretta,Storia,✅ Pubblicato,30/06/2025,,
NEOGELA: avviso diretta (1),Storia,✅ Pubblicato,02/07/2025,,
LYNUP: gioco del tris,Reel,✅ Pubblicato,30/07/2025,Trend,
LYNUP: messaggio nel sacchetto,Reel,🗓️ Programmato,06/08/2025,Trend,
LYNUP: prendi le capsule (da pubblicare a mano con adesivo),Reel,✅ Pubblicato,09/07/2025,Trend,
NEOGELA: premi per comporre la scatola più velocemente,Reel,✅ Pubblicato,07/07/2025,Trend,
"NEOGELA: in     ",Carosello,✅ Pubblicato,11/08/2025,Consigli,
LYNUP: scorri per riempire la capsula di tutti i nutrienti essenziali per le tue ossa,Carosello,🗓️ Programmato,11/08/2025,Differenziazione,
"NEOGELA: Intervista partecipante progetto ",Reel,💡 Idea,,Intervista,
NEOGELA: intervista cliente Neogela,Reel,💡 Idea,,Intervista,
"NEOGELA: 4 prodotti Neogela ",Reel,🗓️ Programmato,10/11/2025,Trend,
NEOGELA: 0 problemi,Reel,Spostato in Notion MUVI Lab,,Trend,05/12/2025
LYNUP: metti le dita qui,Reel,💡 Idea,,Trend,17/11/2025
NEOGELA: la coppia perfetta,Reel,🗓️ Programmato,22/10/2025,Trend,15/09/2025
NEOGELA: prepariamo i pacchi,Reel,✅ Pubblicato,15/09/2025,Trend,
LYNUP: buco nel foglio (collegato a promo),Reel,✅ Pubblicato,08/10/2025,Trend,15/09/2025
LYNUP: emoticon,Reel,✅ Pubblicato,08/09/2025,Trend,
LYNUP: jackpot,Reel,💡 Idea,,Trend,
LYNUP: barattolo stappato,Reel,💡 Idea,,Trend,
"LYNUP: la tua giornata per ossa forti ",Reel,💡 Idea,,Consigli,
LYNUP: 5 falsi miti sulla salute ossea,Reel,✅ Pubblicato,11/09/2025,Falso mito,
LYNUP: falso mito sul calcio,Reel,🗓️ Programmato,19/12/2025,Falso mito,
LYNUP: falso mito sulla vitamina D,Reel,🗓️ Programmato,23/10/2025,Falso mito,
LYNUP: i sintomi più comuni della menopausa,Reel,💻 Da montare,,Informativo,
LYNUP: come posso accorgermi di avere l’osteoporosi?,Reel,✅ Pubblicato,09/10/2025,Domande dal blog,29/08/2025
LYNUP: chi sono i soggetti a rischio fragilità ossea?,Reel,✅ Pubblicato,14/08/2025,Informativo,
LYNUP: il ciclo di vita delle ossa,Reel,✅ Pubblicato,04/09/2025,Informativo,
LYNUP: dove posso trovare il vostro prodotto,Reel,💻 Da montare,,Domande dal blog,29/08/2025
LYNUP: domanda sul prodotto,Reel,✅ Pubblicato,29/09/2025,Trend,15/09/2025
LYNUP: piramide di blocchi,Reel,💡 Idea,,Trend,
LYNUP: chi siamo?,Storia,✅ Pubblicato,14/07/2025,,
"Lynup: Il nostro prodotto ",Storia,✅ Pubblicato,20/08/2025,,
LYNUP : recensioni,Storia,✅ Pubblicato,29/07/2025,,
LYNUP : Domande frequeni,Storia,✅ Pubblicato,13/08/2025,,
LYNUP: barattolo con caratteristiche e ingredienti,Reel,✅ Pubblicato,19/08/2025,Trend,
"LYNUP: secondo falso mito sulla vitamina D ",Reel,💻 Da montare,,Falso mito,16/10/2025
NEOGELA: CHI SIAMO,Storia,✅ Pubblicato,28/07/2025,,
NEOGELA: I NOSTRI PRODOTTI,Storia,✅ Pubblicato,04/08/2025,,
NEOGELA: DOMANDE FREQUENTI,Storia,✅ Pubblicato,20/08/2025,,
NEOGELA: CONSULENZA,Storia,✅ Pubblicato,27/08/2025,,
NEOGELA: RECENSIONI,Storia,✅ Pubblicato,13/08/2025,,
LYNUP:  Lynup può aiutarti se,Carosello,✅ Pubblicato,15/09/2025,Differenziazione,
NEOGELA: Reel 1 da video YouTube Osteoporosi Maschile,Reel,✅ Pubblicato,05/08/2025,Informativo,
NEOGELA: Reel 2 da video YouTube Osteoporosi Maschile,Reel,Spostato in Notion MUVI Lab,,Informativo,
LYNUP: quali vitamine e minerali servono alle ossa?,Reel,✅ Pubblicato,13/10/2025,Trend,15/09/2025
LYNUP: ruota della fortuna,Reel,💡 Idea,,Trend,
LYNUP: telecomando,Reel,✅ Pubblicato,01/09/2025,Trend,
"LYNUP: lunedì, martedì, mercoledì",Reel,✅ Pubblicato,22/09/2025,Trend,
"LYNUP: 5 note telefono ",Reel,🗓️ Programmato,27/10/2025,Trend,
LYNUP: crucipuzzle,Reel,🗓️ Programmato,17/11/2025,Trend,
LYNUP: Bottiglietta,Reel,💡 Idea,,Trend,
Messaggio magico,Reel,💡 Idea,,Trend,
LYNUP: Scompare in ufficio - Promo Black Friday,Reel,🗓️ Programmato,28/11/2025,Trend,16/10/2025
LYNUP: errori alimentari più comuni in menopausa,Reel,✅ Pubblicato,02/10/2025,Intervista,29/08/2025
LYNUP: come ridurre l’infiammazione in menopausa,Reel,🗓️ Programmato,13/11/2025,Consigli,29/08/2025
LYNUP: esempio di pasto bilanciato e salutare per le ossa,Reel,✅ Pubblicato,16/10/2025,Consigli,29/08/2025
LYNUP: quanto calcio assumere ogni giorno e da quali fonti,Reel,🗓️ Programmato,09/12/2025,Informativo,29/08/2025
LYNUP: 5 consigli alimentari per la menopausa,Reel,💻 Da montare,,Consigli,29/08/2025
NEOGELA: il ruolo del cortisolo sulla salute ossea e alimenti che aiutano a regolare i suoi livelli,Reel,Spostato in Notion MUVI Lab,,Informativo,29/08/2025
NEOGELA: che differenza c’è tra il collagene e le comuni proteine che assumiamo con la dieta,Reel,Spostato in Notion MUVI Lab,,Informativo,29/08/2025
NEOGELA: latticini in osteoporosi: sì o no?,Reel,✅ Pubblicato,19/11/2025,Domande dal blog,29/08/2025
NEOGELA: il ruolo del nutrizionista nella gestione dell’osteoporosi,Reel,✅ Pubblicato,06/10/2025,Informativo,29/08/2025
NEOGELA: errori alimentari che possono portare all’osteoporosi,Reel,Spostato in Notion MUVI Lab,,Informativo,29/08/2025
NEOGELA: 5 abitudini alimentari sì o no,Reel,Spostato in Notion MUVI Lab,,Informativo,29/08/2025
LYNUP: video sensibilizzazione osteoporosi (da pubblicare ad Ottobre per la Giornata Mondiale dell’Osteoporosi),Reel,🗓️ Programmato,20/10/2025,Informativo,15/09/2025
NEOGELA: bustina che appare dallo schermo,Reel,💡 Idea,,Trend,
NEOGELA: vediamo dove ci porta il vento,Reel,💡 Idea,,Trend,
"NEOGELA: monday, tuesday, wednesday… ogni giorno con una bevanda diversa",Reel,✅ Pubblicato,03/11/2025,Trend,15/09/2025
NEOGELA: preparo un cappuccino,Reel,Spostato in Notion MUVI Lab,,Trend,05/12/2025
NEOGELA: polvere dal telefono,Reel,💡 Idea,,Trend,
NEOGELA: doppia intervista Giulia e Dottore - come sono arrivati ad occuparsi di osteoporosi,Reel,🗓️ Programmato,20/10/2025,Aziendale,15/09/2025
LYNUP: va assunto a cicli?,Reel,✅ Pubblicato,06/10/2025,Domande dal blog,29/08/2025
LYNUP: la quantità di ingredienti in una capsula è sufficiente?,Reel,✅ Pubblicato,29/12/2025,Domande dal blog,16/10/2025
"LYNUP: seguo una terapia farmacologica per osteoporosi, posso prendere Lynup?",Reel,💻 Da montare,,Domande dal blog,17/11/2025
LYNUP: perché in menopausa si hanno dolori articolari,Reel,💡 Idea,,Informativo,
"LYNUP: dolori articolari, quando preoccuparsi?",Reel,🗓️ Programmato,24/11/2025,Informativo,29/08/2025
LYNUP: come ridurre il dolore articolare tipico della menopausa,Reel,🗓️ Programmato,02/12/2025,Consigli,16/10/2025
LYNUP: quanto magnesio assumere in menopausa,Reel,🗓️ Programmato,03/11/2025,Domande dal blog,29/08/2025
LYNUP: da dove derivano gli ingredienti di Lynup,Reel,💡 Idea,,Differenziazione,
LYNUP: assumo già collagene e vitamina D: posso prendere Lynup?,Reel,💻 Da montare,,Domande dal blog,16/10/2025
NEOGELA: quanto dura 1 barattolo di Neogela?,Reel,Spostato in Notion MUVI Lab,,Informativo,05/12/2025
NEOGELA: Che acqua bere in caso di osteoporosi? (IN COLLAB),Reel,Spostato in Notion MUVI Lab,,Consigli,03/04/2026
NEOGELA: Colazione super per le tue ossa (IN COLLAB),Reel,Spostato in Notion MUVI Lab,,Consigli,03/04/2026
NEOGELA: Cosa possono fare 5g di collagene al giorno assunti a partire dai 30 anni?,Reel,Spostato in Notion MUVI Lab,,Informativo,29/08/2025
NEOGELA: Come comportarsi a 20 anni per ossa forti in futuro (e tu fai queste cose),Reel,Spostato in Notion MUVI Lab,,Consigli,29/08/2025
NEOGELA: Rischi di una dieta principalmente a base di carboidrati (IN COLLAB),Reel,Spostato in Notion MUVI Lab,,Informativo,03/04/2026
"NEOGELA: Come avere ossa giovani a 50 anni ",Reel,Spostato in Notion MUVI Lab,,Consigli,29/08/2025
NEOGELA: Attività fisica ottimale dopo i 50 (IN COLLAB),Reel,Spostato in Notion MUVI Lab,,Consigli,25/11/2025
"NEOGELA: Errori più comuni di chi soffre di osteoporosi ",Reel,Spostato in Notion MUVI Lab,,Informativo,09/03/2026
NEOGELA: 3 buone abitudini quotidiane per chi soffre di osteoporosi (e tu fai queste cose),Reel,✅ Pubblicato,13/10/2025,Consigli,29/08/2025
NEOGELA: 3 buone abitudini quotidiane per chi soffre di artrosi (e tu fai queste cose),Reel,🗓️ Programmato,12/11/2025,Consigli,29/08/2025
NEOGELA: 3 cattive abitudini per la tua colonna vertebrale (IN COLLAB),Reel,Spostato in Notion MUVI Lab,,Informativo,25/11/2025
NEOGELA: Ecco come ho mantenuto stabili i miei valori di densità ossea negli ultimi 3 anni (CI VORREBBE ATTRICE),Reel,💡 Idea,,Consigli,
NEOGELA: Lo sapevi che…  a 25 anni circa raggiungi il tuo picco di massa ossea,Reel,Spostato in Notion MUVI Lab,,Informativo,05/12/2025
NEOGELA: Lo sapevi che… gli spinaci sono ottimi per le tue ossa,Reel,Spostato in Notion MUVI Lab,,Informativo,03/04/2026
NEOGELA: Perché le proteine sono così importanti per le ossa (IN COLLAB),Reel,Spostato in Notion MUVI Lab,,Informativo,03/04/2026
"NEOGELA: 3 attività che potresti tornare a fare grazie all’integrazione di collagene ",Reel,Spostato in Notion MUVI Lab,,Informativo,29/08/2025
NEOGELA: Reel 1 da video Youtube “Osteoporosi gravidica”,Reel,✅ Pubblicato,03/09/2025,Informativo,
"NEOGELA: Reel 2 da video Youtube “Osteoporosi gravidica” ",Reel,Spostato in Notion MUVI Lab,,Informativo,
NEOGELA: dame un grrr,Reel,✅ Pubblicato,22/09/2025,Trend,29/08/2025
NEOGELA: recensione partecipante in presenza Area Test (Marisa),Reel,✅ Pubblicato,09/10/2025,Differenziazione,27/09/2025
NEOGELA: carosello “Come agisce il collagene,Carosello,✅ Pubblicato,14/10/2025,,
NEOGELA: carosello “Come sono formate le ossa”,Carosello,✅ Pubblicato,08/10/2025,,
NEOGELA: storia donna con osteoporosi (Mascia),Reel,🗓️ Programmato,23/10/2025,Differenziazione,16/10/2025
NEOGELA: contenuto per Halloween,Reel,🗓️ Programmato,31/10/2025,Differenziazione,15/09/2025
LYNUP: Osteoporosi vuol dire,Carosello,✅ Pubblicato,14/10/2025,,
LYNUP: Osteoporosi vuol dire,Carosello,🗓️ Programmato,21/10/2025,,
LYNUP: contenuto per Halloween,Reel,🗓️ Programmato,31/10/2025,Differenziazione,15/09/2025
NEOGELA: Episodio 1 - Iniziativa sociale - Annuncio progetto e prime sensazioni,Reel,✅ Pubblicato,05/11/2025,Differenziazione,29/09/2025
NEOGELA: Episodio 2 - Iniziativa sociale - Esami pre percorso effettuati,Reel,🗓️ Programmato,17/11/2025,Differenziazione,29/09/2025
NEOGELA: Episodio 3 - Iniziativa sociale - Inizio percorso,Reel,Spostato in Notion MUVI Lab,,Differenziazione,29/09/2025
"NEOGELA: Episodio 4 - Iniziativa sociale - Metà percorso ",Reel,Spostato in Notion MUVI Lab,,Differenziazione,29/09/2025
"NEOGELA: Episodio 5 - Iniziativa sociale - Fine percorso ",Reel,💡 Idea,,Differenziazione,
NEOGELA: Episodio 6 - Iniziativa sociale - Recensione,Reel,💡 Idea,,Differenziazione,
NEOGELA: esperienza cliente con Neogela - video 1,Reel,Spostato in Notion MUVI Lab,,Social proof,29/09/2025
NEOGELA: esperienza cliente con Neogela - video 2,Reel,Spostato in Notion MUVI Lab,,Social proof,29/09/2025
NEOGELA: esperienza cliente con Neogela - video 3,Reel,Spostato in Notion MUVI Lab,,Social proof,29/09/2025
NEOGELA: Quando ho scoperto di avere l’osteoporosi mi sono sentita…,Reel,✅ Pubblicato,16/10/2025,Intervista,29/09/2025
NEOGELA: Quando ho ricevuto la diagnosi non sapevo a chi rivolgermi…,Reel,Spostato in Notion MUVI Lab,,Intervista,29/09/2025
NEOGELA: Il mio medico non mi aveva mai consigliato di fare la MOC…,Reel,Spostato in Notion MUVI Lab,,Intervista,29/09/2025
NEOGELA: Gli specialisti a cui mi sono rivolta mi hanno consigliato solo farmaci e nessuna alternativa…,Reel,Spostato in Notion MUVI Lab,,Intervista,29/09/2025
NEOGELA: Ho potuto ripetere la MOC dopo anni dalla prima ed ero peggiorata molto…,Reel,Spostato in Notion MUVI Lab,,Intervista,29/09/2025
NEOGELA: Mi sono informata online sugli effetti collaterali dei farmaci e mi sono spaventata…,Reel,Spostato in Notion MUVI Lab,,Intervista,29/09/2025
NEOGELA: Nessuno mi aveva detto che dovevo curare anche alimentazione e movimento…,Reel,Spostato in Notion MUVI Lab,,Intervista,29/09/2025
NEOGELA: Quando ho ricevuto la MOC non sapevo come interpretare i valori…,Reel,Spostato in Notion MUVI Lab,,Intervista,29/09/2025
NEOGELA: video riassunto giornata finale Area Test,Reel,🗓️ Programmato,27/10/2025,Differenziazione,27/09/2025
"NEOGELA: spiegazione scientifica caratteristiche collagene ",Reel,Spostato in Notion MUVI Lab,,EduCollagene,25/11/2025
LYNUP: storia per annunciare promo + invito a iscriversi alla mailing list,Storia,✅ Pubblicato,30/09/2025,Vendita,
"LYNUP: promo ",Storia,✅ Pubblicato,07/10/2025,Vendita,
NEOGELA: collagene in capsule vs. polvere,Reel,Spostato in Notion MUVI Lab,,Social proof,29/01/2026
"NEOGELA: hai letto “rischio alto frattura” nella MOC? ",Reel,Spostato in Notion MUVI Lab,,Informativo,25/11/2025
NEOGELA: prendo la vitamina D come faccio ad avere l’osteoporosi?2,Reel,Spostato in Notion MUVI Lab,,Domande dal blog,
NEOGELA: creatività adv branding collagene che si scioglie,Reel,🔎 Da revisionare,03/11/2025,ADS,29/09/2025
NEOGELA: creatività adv branding collagene varie bevande,Reel,🔎 Da revisionare,05/11/2025,ADS,
NEOGELA: branding barattolo fisso sfondo che cambia,Reel,Spostato in Notion MUVI Lab,01/12/2025,ADS,
LYNUP: Chi vuol essere sano,Reel,🗓️ Programmato,11/11/2025,Trend,
"LYNUP: carosello 4 cose che non devono mancare nella tua routine ",Carosello,🗓️ Programmato,10/11/2025,Informativo,
LYNUP: inizio Black Friday,Storia,✅ Pubblicato,28/11/2025,Vendita,
LYNUP: Quando ti rendi conto che…,Reel,🗓️ Programmato,26/11/2025,Trend,
NEOGELA: Storia metà promo,Storia,✅ Pubblicato,15/10/2025,,
LYNUP: post-it sotto la scarpa,Reel,🗓️ Programmato,29/11/2025,Trend,16/10/2025
NEOGELA: quando fai il video fai vedere bene,Reel,Spostato in Notion MUVI Lab,,Trend,
LYNUP: a volte è l’integratore che ti sceglie,Reel,💻 Da montare,,Trend,17/11/2025
LYNUP: wave your finger,Reel,🗓️ Programmato,06/11/2025,Trend,16/10/2025
LYNUP: la vitamina K2 può essere presa da tutti?,Reel,💻 Da montare,,Domande dal blog,17/11/2025
LYNUP: capsula che si apre (per pubblicazione chiedere a Erica),Reel,✅ Pubblicato,05/12/2025,Trend,16/10/2025
LYNUP: artosi e menopausa,Reel,💡 Idea,,Informativo,
LYNUP: come migliorare i sintomi dell’artrosi,Reel,💡 Idea,,Consigli,
LYNUP: artrosi e osteoporosi sono collegate?,Reel,💻 Da montare,,Informativo,17/11/2025
"LYNUP: cosa fare a 30 anni per non avere l’osteoporosi a 50 ",Reel,💻 Da montare,,Consigli,17/11/2025
LYNUP: la nostra esperienza con le patologie osteoarticolari,Reel,💻 Da montare,,Aziendale,17/11/2025
LYNUP: falso mito sulla vitamina K2,Reel,💻 Da montare,,Falso mito,17/11/2025
LYNUP: cibi si e cibi no per le tue articolazioni (in collab con nutrizionista),Reel,💡 Idea,,Consigli,
LYNUP: prendo gli ingredienti e li butto dentro un barattolo di Lynup enorme,Reel,💻 Da montare,,Trend,17/11/2025
NEOGELA: Campagna branding,Reel,✅ Pubblicato,06/11/2025,ADS,
NEOGELA: campagna vendita novembre,Reel,✅ Pubblicato,06/11/2025,ADS,
NEOGELA: campagna BF,Reel,✅ Pubblicato,27/11/2025 → 01/12/2025,ADS,
NEOGELA: Carosello - 5 segnali che le tue ossa hanno bisogno di supporto,Carosello,🗓️ Programmato,07/11/2025,Informativo,
NEOGELA: Carosello: hai questi risultati in moc? prova questi prodotti Neogela,Carosello,✅ Pubblicato,14/11/2025,Informativo,
NEOGELA: Carosello: errori alimentari per l’osteoporosi,Carosello,🗓️ Programmato,21/11/2025,Informativo,
NEOGELA: Carosello - 5 miti sul collagene,Carosello,🗓️ Programmato,26/11/2025,Informativo,
,,,22/12/2025,,
NEOGELA: video trend con domande clienti,Reel,Spostato in Notion MUVI Lab,,Trend,15/05/2026
NEOGELA: quanto tempo deve passare da una Moc all’altra?,Reel,Spostato in Notion MUVI Lab,,,09/03/2026
"NEOGELA: quando bastano abitudini corrette e quando serve un percorso di visite/esami
",Reel,Spostato in Notion MUVI Lab,,,09/03/2026
NEOGELA: 3 abitudini settimanali per ossa e articolazioni più forti,Reel,Spostato in Notion MUVI Lab,,Informativo,15/05/2026
NEOGELA: Posso allenarmi se ho osteopenia/osteoporosi?,Reel,Spostato in Notion MUVI Lab,,,15/05/2026
"NEOGELA: “Se ho familiarità per osteoporosi, come mi alleno in palestra?”",Reel,Spostato in Notion MUVI Lab,,,15/05/2026
NEOGELA: “Dolore al ginocchio durante sport o movimento: modifiche immediate all’allenamento”,Reel,Spostato in Notion MUVI Lab,,,15/05/2026
NEOGELA: Dolore articolare da movimento quotidiano: quando ascoltarlo,Reel,Spostato in Notion MUVI Lab,,,15/05/2026
"NEOGELA: Ho 30-40 anni, devo già preoccuparmi delle ossa?",Reel,Spostato in Notion MUVI Lab,,,15/05/2026
"NEOGELA: Se in famiglia c’è osteoporosi, cosa posso fare prima?",Reel,Spostato in Notion MUVI Lab,,,15/05/2026
"NEOGELA: “Neogela nella vita reale: ufficio, palestra, casa”",Reel,Spostato in Notion MUVI Lab,,,15/05/2026