"ID del post","ID dell'account","Nome utente dell'account","Nome account",Descrizione,"Durata (s)","Orario di pubblicazione",Permalink,"Tipo di post","Commento sui dati",Data,Visualizzazioni,Copertura,"Mi piace",Condivisioni,Follower,Commenti,Salvataggi
18345356062169864,17841407424698185,neogela_collagene,"Neogela • Integratore per Ossa e Cartilagini","🥣 La salute delle tue ossa inizia dalla colazione!
Il primo pasto della giornata può fare molta più differenza di quanto immagini.

Una colazione ricca di zuccheri e povera di nutrienti può lasciarti con poca energia e offrire poco supporto a muscoli e ossa 🦴

Per costruire una colazione davvero completa prova a inserire:
🥛 Una fonte proteica, perché le ossa sono fatte anche di proteine del tessuto connettivo
🥜 Alimenti ricchi di micronutrienti come calcio, vitamina D e vitamina K2
🍓 Frutta fresca e frutta secca per completare il pasto con vitamine e minerali

E se desideri un supporto in più per il tessuto connettivo, puoi aggiungere il collagene alla tua bevanda preferita: è neutro nel gusto e si integra facilmente nella tua routine quotidiana.☕

📩 Vuoi idee personalizzate per la tua colazione? Scrivici e ti aiutiamo a costruire la più adatta a te! 

#neogela #colazione #saluteossea #collagene #tessuticonnettivi",70,"07/02/2026 03:13",https://www.instagram.com/reel/DaSWS7uFFsl/,"Reel di Instagram",,Totale,3568,2556,49,4,5,4,11
18099212411354626,17841407424698185,neogela_collagene,"Neogela • Integratore per Ossa e Cartilagini","Uno degli aspetti più insidiosi dell'osteoporosi è che le tue ossa peggiorano senza che tu te ne accorga 🦴

Quando arriva il risultato della MOC e scopri che la fragilità ossea è già tardi.
La salute delle ossa non si protegge solo quando arriva una diagnosi, va costruita ogni giorno, attraverso piccoli gesti costanti come:
🏃 movimento adatto
🥗 un'alimentazione equilibrata
🦴 un supporto mirato, quando necessario, come il collagene
❤️ e soprattutto, tanta costanza!

👉 Scopri come il collagene può aiutarti su neogela.com 

#neogela #collagene #saluteossea #osteoporosi #osteopenia",63,"07/31/2026 03:16",https://www.instagram.com/reel/DbdBuKjkToJ/,"Reel di Instagram",,Totale,6236,4578,52,3,7,13,10
18106006103117306,17841407424698185,neogela_collagene,"Neogela • Integratore per Ossa e Cartilagini","🦴A 50 anni le ossa sono destinate a indebolirsi! Aspetta un attimo ✋

L'età passa per tutti, sì ma la salute delle ossa dipende anche dalle scelte che fai ogni giorno. 

Ecco 3 abitudini che possono fare la differenza 👇
🏋️ 1. Muoviti con regolarità
🥛 2. Non pensare solo al calcio
😴 3. Prenditi cura del tuo stile di vita

Le ossa non smettono di rispondere ai tuoi stimoli solo perché hai compiuto 50 anni!

👉 Se vuoi capire come tenerle in forma, rimani informato sul nostro profilo! 

#neogela #collagene #saluteossea #ossagiovani",57,"07/29/2026 03:12",https://www.instagram.com/reel/DbX3t1smepb/,"Reel di Instagram",,Totale,1885,1468,12,2,1,0,3
18113179429862210,17841407424698185,neogela_collagene,"Neogela • Integratore per Ossa e Cartilagini","🦴Pensi che per avere ossa forti basti assumere calcio? Non stai considerando un pezzo fondamentale del puzzle.

Le ossa non sono fatte solo di minerali, al loro interno hanno una vera e propria ""impalcatura"" composta soprattutto da proteine e collagene.

Immaginale così👇
🧱 Il calcio è il cemento
🏗️ Il collagene è la struttura che tiene tutto insieme

Senza una struttura solida, anche tanto calcio può non essere sufficiente, per questo serve lavorare su più fronti:
🥗 alimentazione adeguata
🏃 movimento regolare
🦴 supporto al tessuto connettivo 

👉 Se vuoi prenderti cura davvero delle tue ossa, inizia da quello che metti ogni giorno nel tuo piatto e da come ti muovi! 

#neogela #collagene #saluteossea #calcioeproteine #osteoporosi",59,"07/27/2026 03:15",https://www.instagram.com/reel/DbSuhZpj2eS/,"Reel di Instagram",,Totale,2875,2228,24,1,1,0,6
18136237066526859,17841407424698185,neogela_collagene,"Neogela • Integratore per Ossa e Cartilagini","Ogni luglio ci arrivano sempre le stesse domande sul collagene. ☀️
""Si deteriora col caldo?"" ""Se salto qualche giorno in vacanza?"" ""Posso metterlo in acqua fredda?""

Le abbiamo raccolte tutte e risposte una per una. ➡️ Scorri.

💬 C'è una domanda che non hai trovato qui? Scrivila nei commenti: risponderemo!

#collagene #estate #neogela #osteoporosi #articolazioni",0,"07/24/2026 03:04",https://www.instagram.com/p/DbK-7kSiFkR/,"Carosello di Instagram",,Totale,2482,1366,11,0,0,0,6
18109377778966188,17841407424698185,neogela_collagene,"Neogela • Integratore per Ossa e Cartilagini","🦴 Se hai il calcio alto nel sangue e pensi di avere ossa forti, potresti sbagliarti!

Il calcio è fondamentale per la salute ossea, ma deve trovarsi nelle ossa, non nel sangue.
Quando i valori nel sangue risultano elevati, in alcuni casi potrebbe significare che il corpo sta prelevando calcio proprio dal tessuto osseo ⚠️

Ecco perché un valore alto non è sempre una buona notizia, infatti potrebbe essere associato a condizioni come:
🔹 osteopenia
🔹 osteoporosi
🔹 iperparatiroidismo
🔹 alcune problematiche renali

Per questo, per la salute delle ossa, serve un approccio completo:
☀️ Vitamina D per l'assorbimento del calcio
🏃 Movimento per stimolare il tessuto osseo
🦴 Supporto della matrice ossea attraverso nutrienti specifici, come il collagene idrolizzato

👉 Se vuoi approfondire l’argomento e sapere come preservare le tue ossa al meglio seguici!
Continueremo a spiegarti la scienza che c’è dietro la salute ossea.

#neogela #collagene #saluteossea #calcioesangue #osteoporosi",68,"07/22/2026 03:37",https://www.instagram.com/reel/DbF4-Fmj3Wb/,"Reel di Instagram",,Totale,3499,2749,45,3,8,1,11
18109841725779238,17841407424698185,neogela_collagene,"Neogela • Integratore per Ossa e Cartilagini","Quando si parla di collagene, guardare solo il prezzo della confezione è uno degli errori più comuni 👇

Un integratore può sembrare conveniente, ma quanto collagene stai assumendo davvero ogni giorno?
🦴 Per supportare la salute di ossa, articolazioni e tessuti connettivi, il dosaggio efficace parte da5 grammi al giorno.

✨ Neogela contiene collagene al 98%, una concentrazione molto elevata rispetto a molti prodotti presenti sul mercato.
Molti integratori in capsule apportano circa1 grammo al giorno.

Questo significa che, per raggiungere il dosaggio corretto, spesso servono molte più capsule e molte più confezioni 📦

Ma non è solo una questione di quantità, è anche una questione di supporto 🤝

Con Neogela puoi confrontarti con un team dedicato, inviare i tuoi referti e ricevere indicazioni personalizzate!

👉 Scopri di più su neogela.com

#neogela #collagene #saluteossea #articolazioni #osteoporosi",74,"07/20/2026 03:17",https://www.instagram.com/reel/DbAtDKqAOuq/,"Reel di Instagram",,Totale,1678,1358,13,1,0,0,5
18093117722576638,17841407424698185,neogela_collagene,"Neogela • Integratore per Ossa e Cartilagini","Se usi il collagene, probabilmente ti sei fatto almeno una di queste domande. E no, non sei l'unico 👆

Quando si parla di collagene l'informazione corretta fa la differenza. Spesso, infatti, il problema non è il prodotto, ma i falsi miti che gli girano intorno 🦴✨

💬 Quale di queste domande ti sei fatto almeno una volta?

#neogela #saluteossea #collagene #proteine #articolazioni",7,"07/17/2026 03:23",https://www.instagram.com/reel/Da4_fWVE-UX/,"Reel di Instagram",,Totale,4643,2917,21,0,3,0,4
18121532914808876,17841407424698185,neogela_collagene,"Neogela • Integratore per Ossa e Cartilagini","🦴 Ti hanno mai detto: ""Faccia attenzione, le sue ossa sono fragili""?

Per molte persone con osteoporosi, il problema non è solo la diagnosi.
È la paura che arriva dopo e spesso c'è anche un'altra sensazione: la solitudine 💔

Perché quando ricevi una diagnosi di osteoporosi o osteopenia, non hai bisogno solo di un prodotto, ma di accompagnamento.
Di qualcuno che ti aiuti a capire come prenderti cura delle tue ossa, del movimento, dell'alimentazione e della tua quotidianità 🤝

Questa testimonianza ci ricorda una cosa importante:
✨ ritrovare fiducia nei propri movimenti significa ritrovare serenità. Poter tornare a vivere con meno paura, con più consapevolezza e con la sensazione di fare finalmente qualcosa per la propria salute ossea.

Se anche tu hai ricevuto una diagnosi di osteoporosi, sappi che non sei sola!
👉 Scopri di più su neogela.com

#neogela #osteoporosi #collagene #saluteossea #tendini",109,"07/15/2026 03:21",https://www.instagram.com/reel/Daz1jHikj_6/,"Reel di Instagram",,Totale,2101,1742,10,0,3,2,4
17892001872569490,17841407424698185,neogela_collagene,"Neogela • Integratore per Ossa e Cartilagini","Una delle convinzioni più diffuse (e anche una delle più sbagliate) è che mangiando già molte proteine il collagene non serva. 

Sì, il collagene è una proteina, ma ha una funzione completamente diversa.
Le proteine ""classiche"" aiutano soprattutto il mantenimento della massa muscolare 💪
Il collagene, invece, è l’impalcatura di ossa, articolazioni, cartilagini, tendini e pelle 🦴

Il problema è che 📉 già dai 25-30 anni la sua produzione naturale inizia a diminuire e con il tempo, possono comparire:
🔹 maggiore rigidità articolare
🔹 recupero più lento dopo l'attività fisica
🔹 maggiore fragilità dei tessuti

Inoltre, le proteine alimentari non apportano gli aminoacidi del collagene nelle stesse proporzioni necessarie a sostenere la struttura dei tessuti connettivi.

🧠 Comprendere questa differenza può aiutarti a prenderti cura delle tue ossa e delle tue articolazioni nel lungo periodo.

Conoscevi questa distinzione? 💬 Scrivicelo nei commenti!

#neogela #saluteossea #collagene #proteine #articolazioni",82,"07/14/2026 03:38",https://www.instagram.com/reel/DaxStSEGrZN/,"Reel di Instagram",,Totale,2487,1993,36,5,3,4,6
18610623325016616,17841407424698185,neogela_collagene,"Neogela • Integratore per Ossa e Cartilagini","D'estate ti muovi di più e le tue articolazioni se ne accorgono. 🏃‍♀️
Escursioni, padel, nuoto, lunghe camminate: tutto bello, ma solo se le articolazioni reggono il ritmo.

Ecco 5 regole semplici per tenerti in movimento senza pagarlo dopo. ➡️ Scorri il carosello.

💬 Quale attività stai facendo quest'estate? Scrivila nei commenti.

#sport #estate2026 #collagene #neogela #articolazioni",0,"07/10/2026 03:07",https://www.instagram.com/p/Dam8HM3CGmK/,"Carosello di Instagram",,Totale,2176,1286,12,2,1,0,0
18381842020166839,17841407424698185,neogela_collagene,"Neogela • Integratore per Ossa e Cartilagini","C'è una cosa che non dovrebbe andare in vacanza: la cura delle tue articolazioni!

D’estate tra camminate, escursioni, sport e giornate sempre in movimento, ossa, articolazioni e tessuti connettivi lavorano più del solito 💪
Il problema è che in vacanza è facile perdere la costanza che è proprio ciò che fa la differenza ✨

Per questo abbiamo pensato a una soluzione pratica: le bustine monodose di collagene 🎒
📍 Una dose sempre con te
📍 Facili da mettere in valigia o nello zaino
📍 Perfette per non interrompere la tua routine

🗓️ E dal 9 al 24 luglio c'è un motivo in più per approfittarne! 🎁
Acquistando qualsiasi prodotto Neogela, puoi aggiungere al carrello 12 bustine monodose a soli 12,90€ e scegliere il tuo regalo:
🏔️ Kit Montagna con bicchiere telescopico e porta proteine
🌊 Kit Mare con pratica borsa frigo a doppio scomparto

La promozione è valida solo fino al 24 luglio!

#neogela #saluteossea #articolazioni #promoestivacollagene #collagene",63,"07/09/2026 03:11",https://www.instagram.com/reel/DakXmvSiXqF/,"Reel di Instagram",,Totale,1897,1556,8,0,1,1,1
18104133401027747,17841407424698185,neogela_collagene,"Neogela • Integratore per Ossa e Cartilagini","⚠️ Hai sentito uno ""stock"" al ginocchio e hai pensato subito al peggio?
Molte persone associano una lesione al menisco a un intervento chirurgico, ma la realtà è più complessa🦵scoprila con @mattia_casonato.pt

Il menisco è il ""cuscinetto"" naturale del ginocchio: aiuta a proteggere cartilagine, articolazioni e a distribuire il carico durante i movimenti.

Quando si lesiona possono comparire segnali come:
🔹 dolore quando ti accovacci
🔹 ginocchio che scatta o si blocca
🔹 fastidio salendo o scendendo le scale

Ma non tutte le lesioni provocano gli stessi sintomi e non tutte richiedono un intervento. In molti casi, un percorso conservativo seguito da un professionista può aiutare a recuperare funzionalità attraverso:
✔️ esercizi mirati
✔️ rinforzo muscolare
✔️ recupero della mobilità
✔️ miglioramento della stabilità articolare

Ogni situazione è diversa e va valutata con attenzione. La cosa più importante è non ignorare i segnali del tuo corpo e non trarre conclusioni da solo.

📤 Vuoi un parere chiaro, da professionista? Scrivici!

#neogela #saluteossea #collagene #menisco #articolazioni",62,"07/08/2026 04:07",https://www.instagram.com/reel/Dah5OEpDQlo/,"Reel di Instagram",,Totale,2393,1865,17,3,0,1,4
17940696123062873,17841407424698185,neogela_collagene,"Neogela • Integratore per Ossa e Cartilagini","🏐 Cosa succede al corpo di un'atleta dopo mesi di allenamenti intensi?
Da oggi non ci affideremo alle opinioni, lo misureremo 🔬

Per i prossimi 3 mesi seguiremo le protagoniste del nostro trial clinico scientifico: atlete che ogni giorno affrontano allenamenti intensi, recuperi ravvicinati e prestazioni ad alto livello.

Per loro recuperare bene non è un dettaglio, ma ciò che permette di tornare in campo, allenarsi con continuità e ridurre il rischio di sovraccarico 💪

Insieme agli specialisti monitoreremo il loro percorso, osservando come cambiano alcuni parametri legati allo stato muscolare e al recupero.

L'obiettivo?
📊 Raccogliere dati oggettivi
🧬 Comprendere meglio la risposta dell'organismo agli allenamenti
🏐 Contribuire a una ricerca che metta al centro performance, recupero e salute di muscoli, articolazioni e tessuti connettivi

Questo è solo l'inizio, nei prossimi mesi vi porteremo dietro le quinte del trial, passo dopo passo 🚀

👉 Seguici per restare aggiornato! 

#neogela #trialscientifico #saluteossea #collagene #allenamentiintensi",99,"07/06/2026 08:05",https://www.instagram.com/reel/DadK668gNae/,"Reel di Instagram",,Totale,1856,1679,21,3,1,0,0
